{
  "flwStraightPosition":2.967059728390361,
  "frwStraightPosition":1.4563802980530465,
  "blwStraightPosition":3.5488361457218036,
  "brwStraightPosition":5.375614096142535
}